{
  "model": "efficientnet_b0",
  "n_trials": 30,
  "n_complete": 3,
  "n_pruned": 27,
  "n_failed": 0,
  "best_value": 0.7947333065067529,
  "best_params": {
    "lr_head": 0.0001726016167393764,
    "lr_backbone": 0.000983073771626063,
    "weight_decay": 0.0001866891375884591,
    "label_smoothing": 0.13192511938321044,
    "batch_size": 32
  },
  "best_trial_number": 26
}